timestamp,price,action,confidence_pct,prob_buy,prob_hold,prob_sell,signal_strength,virtual_net_worth,virtual_pnl
2026-02-17T10:46:10.629752,1963.59,HOLD,69.9,22.49,69.9,7.6,STRONG,1000.0,0.0
2026-02-17T10:47:13.022746,1965.76,HOLD,69.74,21.58,69.74,8.68,STRONG,1000.0,0.0
2026-02-17T10:48:15.957344,1964.76,HOLD,71.37,19.33,71.37,9.3,STRONG,1000.0,0.0
2026-02-17T10:49:17.591566,1964.19,HOLD,74.61,15.63,74.61,9.76,STRONG,1000.0,0.0
2026-02-17T10:50:18.622934,1962.53,HOLD,72.95,17.56,72.95,9.5,STRONG,1000.0,0.0
2026-02-17T10:51:19.754721,1962.99,HOLD,75.54,15.87,75.54,8.59,STRONG,1000.0,0.0
2026-02-17T10:52:20.799880,1963.52,HOLD,75.89,14.02,75.89,10.09,STRONG,1000.0,0.0
2026-02-17T10:53:22.168903,1964.76,HOLD,70.32,21.26,70.32,8.42,STRONG,1000.0,0.0
2026-02-17T10:54:23.924717,1964.74,HOLD,70.59,21.28,70.59,8.13,STRONG,1000.0,0.0
